Image,Label
41.jpg,0
251.jpg,1
376.jpg,0
333.jpg,0
262.jpg,1
275.jpg,0
280.jpg,1
148.jpg,0
119.jpg,0
39.jpg,0
269.jpg,1
151.jpg,1
286.jpg,0
247.jpg,0
392.jpg,0
165.jpg,0
225.jpg,0
222.jpg,0
121.jpg,1
134.jpg,0
228.jpg,0
264.jpg,1
395.jpg,0
158.jpg,1
352.jpg,0
309.jpg,0
42.jpg,0
145.jpg,1
101.jpg,0
293.jpg,1
328.jpg,0
363.jpg,1
220.jpg,1
138.jpg,0
108.jpg,0
267.jpg,1
374.jpg,1
237.jpg,0
270.jpg,1
0.jpg,1
201.jpg,1
10.jpg,0
354.jpg,0
360.jpg,1
178.jpg,1
337.jpg,1
274.jpg,1
233.jpg,0
250.jpg,0
343.jpg,1
189.jpg,1
98.jpg,0
114.jpg,0
152.jpg,0
71.jpg,0
185.jpg,0
32.jpg,1
235.jpg,0
365.jpg,1
91.jpg,0
340.jpg,0
88.jpg,0
356.jpg,1
115.jpg,1
322.jpg,0
324.jpg,0
67.jpg,0
83.jpg,1
238.jpg,0
132.jpg,0
141.jpg,0
81.jpg,1
221.jpg,0
358.jpg,0
27.jpg,0
186.jpg,0
242.jpg,0
234.jpg,0
382.jpg,1
131.jpg,1
359.jpg,1
100.jpg,0
284.jpg,1
387.jpg,0
50.jpg,1
8.jpg,0
246.jpg,0
146.jpg,0
380.jpg,0
116.jpg,1
372.jpg,0
48.jpg,0
301.jpg,0
399.jpg,0
327.jpg,0
345.jpg,1
229.jpg,0
391.jpg,0
29.jpg,1
16.jpg,1
87.jpg,1
208.jpg,0
304.jpg,1
76.jpg,0
214.jpg,1
45.jpg,1
7.jpg,1
153.jpg,1
35.jpg,0
393.jpg,0
215.jpg,1
219.jpg,1
344.jpg,0
271.jpg,1
21.jpg,1
388.jpg,0
126.jpg,1
80.jpg,1
43.jpg,0
314.jpg,0
253.jpg,1
167.jpg,0
184.jpg,1
297.jpg,0
381.jpg,0
175.jpg,0
217.jpg,0
62.jpg,0
180.jpg,1
315.jpg,1
287.jpg,0
230.jpg,1
65.jpg,0
122.jpg,1
188.jpg,0
396.jpg,1
236.jpg,0
336.jpg,1
308.jpg,0
329.jpg,1
292.jpg,0
154.jpg,0
206.jpg,0
182.jpg,0
12.jpg,1
44.jpg,0
97.jpg,1
124.jpg,0
191.jpg,0
38.jpg,1
17.jpg,1
31.jpg,0
224.jpg,1
261.jpg,1
72.jpg,0
373.jpg,1
2.jpg,1
14.jpg,0
40.jpg,0
104.jpg,1
66.jpg,1
135.jpg,1
198.jpg,0
30.jpg,0
205.jpg,0
311.jpg,1
259.jpg,1
195.jpg,0
353.jpg,0
69.jpg,0
390.jpg,1
256.jpg,0
384.jpg,0
211.jpg,0
227.jpg,0
111.jpg,0
252.jpg,0
36.jpg,1
334.jpg,0
321.jpg,1
192.jpg,1
18.jpg,1
90.jpg,1
149.jpg,0
386.jpg,0
25.jpg,0
96.jpg,0
74.jpg,0
355.jpg,0
177.jpg,1
290.jpg,0
163.jpg,0
300.jpg,0
179.jpg,0
212.jpg,1
187.jpg,0
385.jpg,0
249.jpg,1
174.jpg,1
303.jpg,0
129.jpg,0
389.jpg,0
75.jpg,1
296.jpg,1
255.jpg,1
99.jpg,0
89.jpg,1
33.jpg,0
169.jpg,1
316.jpg,1
120.jpg,0
370.jpg,1
56.jpg,1
144.jpg,0
68.jpg,1
162.jpg,0
26.jpg,0
112.jpg,1
58.jpg,1
51.jpg,1
172.jpg,0
279.jpg,0
241.jpg,1
113.jpg,0
375.jpg,1
245.jpg,0
378.jpg,1
368.jpg,1
210.jpg,1
231.jpg,0
335.jpg,1
127.jpg,0
77.jpg,1
103.jpg,0
243.jpg,1
364.jpg,1
379.jpg,0
298.jpg,1
20.jpg,0
176.jpg,0
168.jpg,1
330.jpg,1
53.jpg,0
110.jpg,0
150.jpg,0
266.jpg,0
85.jpg,0
139.jpg,1
95.jpg,0
254.jpg,0
348.jpg,1
82.jpg,1
63.jpg,0
278.jpg,1
320.jpg,0
105.jpg,0
294.jpg,0
92.jpg,0
282.jpg,1
257.jpg,1
268.jpg,0
209.jpg,0
4.jpg,0
11.jpg,1
183.jpg,1
109.jpg,1
37.jpg,1
313.jpg,0
216.jpg,1
258.jpg,0
265.jpg,0
94.jpg,1
263.jpg,1
70.jpg,0
15.jpg,1
319.jpg,0
349.jpg,0
55.jpg,0
46.jpg,1
140.jpg,0
244.jpg,1
299.jpg,1
157.jpg,0
203.jpg,1
147.jpg,0
383.jpg,1
226.jpg,0
73.jpg,1
207.jpg,1
273.jpg,0
173.jpg,0
93.jpg,0
202.jpg,0
193.jpg,0
190.jpg,0
369.jpg,0
164.jpg,0
170.jpg,1
232.jpg,0
143.jpg,0
136.jpg,0
142.jpg,0
57.jpg,0
367.jpg,1
156.jpg,0
361.jpg,1
194.jpg,0
289.jpg,0
291.jpg,1
281.jpg,0
218.jpg,1
332.jpg,0
398.jpg,0
47.jpg,0
133.jpg,1
160.jpg,0
1.jpg,0
277.jpg,1
161.jpg,0
341.jpg,0
199.jpg,0
130.jpg,1
117.jpg,1
86.jpg,0
323.jpg,0
213.jpg,1
197.jpg,1
240.jpg,1
338.jpg,0
78.jpg,1
59.jpg,0
79.jpg,1
307.jpg,1
283.jpg,0
394.jpg,0
5.jpg,0
302.jpg,1
366.jpg,0
276.jpg,0
397.jpg,0
346.jpg,0
181.jpg,1
347.jpg,0
331.jpg,0
248.jpg,1
107.jpg,0
357.jpg,0
155.jpg,0
204.jpg,1
28.jpg,0
306.jpg,0
102.jpg,0
22.jpg,0
196.jpg,1
171.jpg,0
128.jpg,0
305.jpg,0
371.jpg,0
6.jpg,0
350.jpg,0
362.jpg,1
166.jpg,1
260.jpg,0
272.jpg,1
118.jpg,0
326.jpg,1
317.jpg,0
13.jpg,1
64.jpg,1
288.jpg,0
123.jpg,1
339.jpg,0
49.jpg,0
60.jpg,1
61.jpg,1
137.jpg,1
342.jpg,1
200.jpg,1
9.jpg,1
125.jpg,0
54.jpg,1
285.jpg,0
318.jpg,1
84.jpg,0
106.jpg,0
312.jpg,0
3.jpg,1
52.jpg,0
325.jpg,1
377.jpg,0
23.jpg,0
310.jpg,1
159.jpg,1
34.jpg,0
239.jpg,1
19.jpg,0
24.jpg,1
223.jpg,0
351.jpg,1
295.jpg,0
